common_id	common_name	n_g1	n_g2	mean_g1	mean_g2	u_stat	p_value	fdr	log2fc	regulation	significant
M002	Lactate	6	6	97.5	80.66666666666667	36.0	0.0010822510822510823	0.0018037518037518038	-0.2734295771961723	down	yes
M003	Citrate	6	6	190.33333333333334	203.83333333333334	0.0	0.0010822510822510823	0.0018037518037518038	0.098861753164544	up	yes
M005	Malate	6	6	138.5	119.5	36.0	0.0010822510822510823	0.0018037518037518038	-0.21287535806843969	down	yes
M001	Glycine	6	6	167.66666666666666	141.16666666666666	28.5	0.09212510369170923	0.11515637961463654	-0.2481964304733284	down	no
M004	Succinate	6	6	45.166666666666664	45.5	16.0	0.7444194892692795	0.7444194892692795	0.010608099565981063	up	no
